{
    "paper_id": "3415b829bc37f09d2e984666450d1a3af3f448d3",
    "metadata": {
        "title": "",
        "authors": [
            {
                "first": "Asim",
                "middle": [],
                "last": "Malik",
                "suffix": "",
                "affiliation": {},
                "email": ""
            },
            {
                "first": "Karim",
                "middle": [],
                "last": "Medhat",
                "suffix": "",
                "affiliation": {},
                "email": ""
            },
            {
                "first": "El",
                "middle": [],
                "last": "Masry",
                "suffix": "",
                "affiliation": {},
                "email": ""
            },
            {
                "first": "Mini",
                "middle": [],
                "last": "Ravi",
                "suffix": "",
                "affiliation": {},
                "email": ""
            },
            {
                "first": "Falak",
                "middle": [],
                "last": "Sayed",
                "suffix": "",
                "affiliation": {},
                "email": ""
            }
        ]
    },
    "abstract": [],
    "body_text": [
        {
            "text": "syndrome developed, requiring respiratory and hemodynamic support. Empiric oseltamivir and vancomycin were added to the treatment regimen. Later that day, the baby was delivered by caesarean section because the patient was persistently hypoxemic while on maximal ventilator support. Transient improvement in oxygenation was noted after the delivery. The newborn, who was noted to be healthy and had Apgar scores of 6 and 8 at 1 and 5 minutes, respectively, had no contact with the mother after birth.",
            "cite_spans": [],
            "ref_spans": [],
            "section": ""
        },
        {
            "text": "Nasopharyngeal aspirate samples were tested for influenza A(H1N1)pdm09 virus and MERS-CoV by real-time reverse transcription PCR (2) , and multiple other laboratory and culture tests were conducted (Table) . Most yielded negative results, but on November 25, the regional laboratory reported the MERS-CoV real-time reverse transcription PCR results were positive. Laboratory testing was done by qualitative assay, using the 2012 novel human CoV (human coronavirus-Erasmus Medical Center). The assay, performed according to a previously described method (3), contains reagents and enzyme for specific amplification of the region upstream of the envelope gene in the CoV genome.",
            "cite_spans": [
                {
                    "start": 129,
                    "end": 132,
                    "text": "(2)",
                    "ref_id": "BIBREF1"
                }
            ],
            "ref_spans": [
                {
                    "start": 198,
                    "end": 205,
                    "text": "(Table)",
                    "ref_id": null
                }
            ],
            "section": ""
        },
        {
            "text": "On November 26, oral ribavirin (400 mg and 600 mg morning and evening, respectively) and subcutaneous peginterferon-\u03b1 (180 \u00b5g 1\u00d7/wk) were initiated. On November 27, ribavirin was increased to 1,200 mg every 8 hours, and meropenem was begun. Septic shock developed in the patient, requiring maximal vasopressors and ventilator support. Despite intensive support, the patient's condition continued to deteriorate; she died on December 2. Cultures of blood, tracheal aspirate, and urine obtained on the day of death showed no growth; a chest radiograph revealed improvement in pulmonary edema and consolidation.",
            "cite_spans": [],
            "ref_spans": [],
            "section": ""
        },
        {
            "text": "On November 21, MERS-CoV pneumonia developed in the patient's husband. He had no concurrent conditions and fully recovered after receiving an antimicrobial drug regimen similar to his wife's at a different facility. The husband subsequently reported that he and his wife had visited a cattle farm (goats, sheep, and camels) 10 days before becoming sick (4) (Figure) but had not consumed camel meat or milk. In addition, a mild cough without fever or other symptoms developed in the patient's 8-year-old son; MERS-CoV PCR testing of nasopharyngeal aspirate from the boy was positive. He recovered uneventfully without intervention. The younger sibling and newborn remained asymptomatic and tested negative for MERS-CoV.",
            "cite_spans": [],
            "ref_spans": [
                {
                    "start": 357,
                    "end": 365,
                    "text": "(Figure)",
                    "ref_id": null
                }
            ],
            "section": ""
        },
        {
            "text": "Patients infected with MERS-CoV typically show signs of respiratory illness (2) and sometimes diarrhea. ",
            "cite_spans": [],
            "ref_spans": [],
            "section": ""
        },
        {
            "text": "Complications include acute renal failure and acute respiratory distress syndrome with shock. Immunocompromised patients may have atypical signs and symptoms. Furthermore, several issues are relevant to MERS-CoV and other infectious diseases acquired during pregnancy: 1) pregnancy is associated with immunologic changes that may alter susceptibility to and severity of infectious diseases; 2) the effects of infection upon the fetus are not fully understood; and 3) prophylaxis and treatment appropriate for the general population might not be appropriate for pregnant women (5) (6) (7) (8) .",
            "cite_spans": [
                {
                    "start": 576,
                    "end": 579,
                    "text": "(5)",
                    "ref_id": "BIBREF4"
                },
                {
                    "start": 580,
                    "end": 583,
                    "text": "(6)",
                    "ref_id": "BIBREF5"
                },
                {
                    "start": 584,
                    "end": 587,
                    "text": "(7)",
                    "ref_id": "BIBREF6"
                },
                {
                    "start": 588,
                    "end": 591,
                    "text": "(8)",
                    "ref_id": "BIBREF7"
                }
            ],
            "ref_spans": [],
            "section": "DISPATCHES"
        },
        {
            "text": "When the pregnant patient in our study sought medical care, she had atypical symptoms (fever and back pain, followed later by cough and shortness of breath). It is unclear if the delay in initiating antimicrobial therapy may have contributed to the fatal outcome. MERS-CoV infection developed in 2 of the patient's 4 other family members, an outcome compatible with the description of other small clusters among household members and close contacts. The spectrum of illness and symptomatology among the affected family is also noteworthy: the young child was mildly sick, whereas the pregnant mother died. This discrepancy in disease severity correlates with findings from other reports (9, 10) .",
            "cite_spans": [
                {
                    "start": 687,
                    "end": 690,
                    "text": "(9,",
                    "ref_id": "BIBREF8"
                },
                {
                    "start": 691,
                    "end": 694,
                    "text": "10)",
                    "ref_id": "BIBREF9"
                }
            ],
            "ref_spans": [],
            "section": "DISPATCHES"
        },
        {
            "text": "No MERS-CoV transmission was documented between the patient and hospital staff; thus, the staff's use of contact and droplet precautions, including airborne precautions while performing aerosol-generating procedures, seems to have been effective (11, 12) . Of note, these precautions were implemented after the patient was transferred to the ICU. Thirty-six hospital personnel were screened: 11 ED, 13 obstetrics, 1 operating room, and 11 ICU staff.",
            "cite_spans": [
                {
                    "start": 246,
                    "end": 250,
                    "text": "(11,",
                    "ref_id": "BIBREF10"
                },
                {
                    "start": 251,
                    "end": 254,
                    "text": "12)",
                    "ref_id": "BIBREF11"
                }
            ],
            "ref_spans": [],
            "section": "DISPATCHES"
        },
        {
            "text": "No symptoms developed, and all staff tested negative for MERS-CoV infection. The lack of cross transmission in the exposed healthcare workers before implementation of protective measures supports the benefit of using standard precautions and the fact that transmission of MERS-CoV between humans remains limited (13) .",
            "cite_spans": [
                {
                    "start": 312,
                    "end": 316,
                    "text": "(13)",
                    "ref_id": "BIBREF12"
                }
            ],
            "ref_spans": [],
            "section": "DISPATCHES"
        },
        {
            "text": "Although, MERS-CoV infection and pregnancy were a fatal combination for the patient in our study, virus shedding ceased in the patient during therapy with ribavirin and peginterferon-a. Knowledge about the use of these drugs is limited; thus, further studies are needed to understand the possible safety, efficacy, and optimal dosage and duration of this regimen. Few data exist regarding the use of ribavirin in pregnant humans; however, the drug is generally contraindicated in pregnancy (14, 15) because of evidence of teratogenic and embryocidal effects in animal studies. The potential role of cyclosporine, intravenous immune globulin, and high-frequency ventilation for treatment of MERS-CoV during pregnancy needs evaluation.",
            "cite_spans": [
                {
                    "start": 490,
                    "end": 494,
                    "text": "(14,",
                    "ref_id": "BIBREF13"
                },
                {
                    "start": 495,
                    "end": 498,
                    "text": "15)",
                    "ref_id": "BIBREF14"
                }
            ],
            "ref_spans": [],
            "section": "DISPATCHES"
        },
        {
            "text": "After the baby was delivered, the patient showed transient improvement, with improved oxygenation, followed by progressive worsening of clinical status and death. It is unclear whether there is a pattern of delayed release of chemokines and activation of inflammatory cascades leading to delayed worsening of the clinical condition. The patient was maintained on broad-spectrum antibacterial drugs with excellent pharmacokinetics. All cultures and screening for resistant pathogens remained negative, making it unlikely that the patient succumbed to a superimposed bacterial infection. ",
            "cite_spans": [],
            "ref_spans": [],
            "section": "DISPATCHES"
        },
        {
            "text": "Pregnant women who seek medical care for pneumonia, influenza-like illness, or sepsis on the Arabian Peninsula may benefit from screening for MERS-CoV to ensure early diagnosis and management of this sometimes fatal disease. The immunologic and chemokine response to the infection needs close examination to help define the potential therapeutic role of antiinflammatory agents in this disease. MERS-CoV infection and pregnancy were a fatal combination in this case. Death occurred despite treatment with a combined ribavirin and interferon regimen and despite clearance of virus shedding and radiographic evidence of improvement at death. Thus, this regimen needs to be further studied in pregnant patients with MERS-CoV infection. ",
            "cite_spans": [],
            "ref_spans": [],
            "section": "Conclusions"
        }
    ],
    "bib_entries": {
        "BIBREF0": {
            "ref_id": "b0",
            "title": "Stillbirth during infection with Middle East respiratory syndrome coronavirus",
            "authors": [
                {
                    "first": "D",
                    "middle": [
                        "C"
                    ],
                    "last": "Payne",
                    "suffix": ""
                },
                {
                    "first": "I",
                    "middle": [],
                    "last": "Iblan",
                    "suffix": ""
                },
                {
                    "first": "S",
                    "middle": [],
                    "last": "Alqasrawi",
                    "suffix": ""
                },
                {
                    "first": "Al",
                    "middle": [],
                    "last": "Nsour",
                    "suffix": ""
                },
                {
                    "first": "M",
                    "middle": [],
                    "last": "Rha",
                    "suffix": ""
                },
                {
                    "first": "B",
                    "middle": [],
                    "last": "Tohme",
                    "suffix": ""
                },
                {
                    "first": "R",
                    "middle": [
                        "A"
                    ],
                    "last": "",
                    "suffix": ""
                }
            ],
            "year": 2014,
            "venue": "J Infect Dis",
            "volume": "209",
            "issn": "",
            "pages": "1870--1872",
            "other_ids": {
                "DOI": [
                    "10.1093/infdis/jiu068"
                ]
            }
        },
        "BIBREF1": {
            "ref_id": "b1",
            "title": "Clinical features and virological analysis of a case of Middle East respiratory syndrome coronavirus infection",
            "authors": [
                {
                    "first": "C",
                    "middle": [],
                    "last": "Drosten",
                    "suffix": ""
                },
                {
                    "first": "M",
                    "middle": [],
                    "last": "Seilmaier",
                    "suffix": ""
                },
                {
                    "first": "V",
                    "middle": [
                        "M"
                    ],
                    "last": "Corman",
                    "suffix": ""
                },
                {
                    "first": "W",
                    "middle": [],
                    "last": "Hartmann",
                    "suffix": ""
                },
                {
                    "first": "G",
                    "middle": [],
                    "last": "Scheible",
                    "suffix": ""
                },
                {
                    "first": "S",
                    "middle": [],
                    "last": "Sack",
                    "suffix": ""
                }
            ],
            "year": 2013,
            "venue": "Lancet Infect Dis",
            "volume": "13",
            "issn": "13",
            "pages": "70154--70157",
            "other_ids": {
                "DOI": [
                    "10.1016/S1473-3099"
                ]
            }
        },
        "BIBREF2": {
            "ref_id": "b2",
            "title": "Isolation of a novel coronavirus from a man with pneumonia in Saudi Arabia",
            "authors": [
                {
                    "first": "A",
                    "middle": [
                        "M"
                    ],
                    "last": "Zaki",
                    "suffix": ""
                },
                {
                    "first": "S",
                    "middle": [],
                    "last": "Van Boheemen",
                    "suffix": ""
                },
                {
                    "first": "T",
                    "middle": [
                        "M"
                    ],
                    "last": "Bestebroer",
                    "suffix": ""
                },
                {
                    "first": "A",
                    "middle": [
                        "D"
                    ],
                    "last": "Osterhaus",
                    "suffix": ""
                },
                {
                    "first": "R",
                    "middle": [
                        "A"
                    ],
                    "last": "Fouchier",
                    "suffix": ""
                }
            ],
            "year": 2012,
            "venue": "N Engl J Med",
            "volume": "367",
            "issn": "",
            "pages": "1814--1834",
            "other_ids": {
                "DOI": [
                    "10.1056/NEJMoa1211721"
                ]
            }
        },
        "BIBREF3": {
            "ref_id": "b3",
            "title": "Middle East respiratory syndrome coronavirus neutralising serum antibodies in dromedary camels: a comparative serological study",
            "authors": [
                {
                    "first": "C",
                    "middle": [
                        "B"
                    ],
                    "last": "Reusken",
                    "suffix": ""
                },
                {
                    "first": "B",
                    "middle": [
                        "L"
                    ],
                    "last": "Haagmans",
                    "suffix": ""
                },
                {
                    "first": "M",
                    "middle": [
                        "A"
                    ],
                    "last": "Muller",
                    "suffix": ""
                },
                {
                    "first": "C",
                    "middle": [],
                    "last": "Gutierrez",
                    "suffix": ""
                },
                {
                    "first": "G",
                    "middle": [
                        "J"
                    ],
                    "last": "Godeke",
                    "suffix": ""
                },
                {
                    "first": "B",
                    "middle": [],
                    "last": "Meyer",
                    "suffix": ""
                }
            ],
            "year": 2013,
            "venue": "Lancet Infect Dis",
            "volume": "13",
            "issn": "",
            "pages": "70164--70170",
            "other_ids": {
                "DOI": [
                    "10.1016/S1473-3099(13"
                ]
            }
        },
        "BIBREF4": {
            "ref_id": "b4",
            "title": "Emerging infections and pregnancy",
            "authors": [
                {
                    "first": "D",
                    "middle": [
                        "J"
                    ],
                    "last": "Jamieson",
                    "suffix": ""
                },
                {
                    "first": "N",
                    "middle": [],
                    "last": "Regan",
                    "suffix": ""
                },
                {
                    "first": "R",
                    "middle": [
                        "N"
                    ],
                    "last": "Theiler",
                    "suffix": ""
                },
                {
                    "first": "S",
                    "middle": [
                        "A"
                    ],
                    "last": "Rasmussen",
                    "suffix": ""
                }
            ],
            "year": 2006,
            "venue": "Emerg Infect Dis",
            "volume": "12",
            "issn": "",
            "pages": "1638--1681",
            "other_ids": {
                "DOI": [
                    "10.3201/eid1211.060152"
                ]
            }
        },
        "BIBREF5": {
            "ref_id": "b5",
            "title": "Pregnancy and perinatal outcomes of women with severe acute respiratory syndrome",
            "authors": [
                {
                    "first": "S",
                    "middle": [
                        "F"
                    ],
                    "last": "Wong",
                    "suffix": ""
                },
                {
                    "first": "K",
                    "middle": [
                        "M"
                    ],
                    "last": "Chow",
                    "suffix": ""
                },
                {
                    "first": "T",
                    "middle": [
                        "N"
                    ],
                    "last": "Leung",
                    "suffix": ""
                },
                {
                    "first": "W",
                    "middle": [
                        "F"
                    ],
                    "last": "Ng",
                    "suffix": ""
                },
                {
                    "first": "T",
                    "middle": [
                        "K"
                    ],
                    "last": "Ng",
                    "suffix": ""
                },
                {
                    "first": "C",
                    "middle": [
                        "C"
                    ],
                    "last": "Shek",
                    "suffix": ""
                }
            ],
            "year": 2004,
            "venue": "Am J Obstet Gynecol",
            "volume": "191",
            "issn": "",
            "pages": "292--299",
            "other_ids": {
                "DOI": [
                    "10.1016/j.ajog.2003.11.019"
                ]
            }
        },
        "BIBREF6": {
            "ref_id": "b6",
            "title": "SARS during pregnancy, United States",
            "authors": [
                {
                    "first": "L",
                    "middle": [
                        "J"
                    ],
                    "last": "Stockman",
                    "suffix": ""
                },
                {
                    "first": "S",
                    "middle": [
                        "A"
                    ],
                    "last": "Lowther",
                    "suffix": ""
                },
                {
                    "first": "K",
                    "middle": [],
                    "last": "Coy",
                    "suffix": ""
                },
                {
                    "first": "J",
                    "middle": [],
                    "last": "Saw",
                    "suffix": ""
                },
                {
                    "first": "U",
                    "middle": [
                        "D"
                    ],
                    "last": "Parashar",
                    "suffix": ""
                }
            ],
            "year": 2004,
            "venue": "Emerg Infect Dis",
            "volume": "10",
            "issn": "",
            "pages": "1689--90",
            "other_ids": {
                "DOI": [
                    "10.3201/eid1009.040244"
                ]
            }
        },
        "BIBREF7": {
            "ref_id": "b7",
            "title": "Pregnancy and infection",
            "authors": [
                {
                    "first": "A",
                    "middle": [
                        "P"
                    ],
                    "last": "Kourtis",
                    "suffix": ""
                },
                {
                    "first": "J",
                    "middle": [
                        "S"
                    ],
                    "last": "Read",
                    "suffix": ""
                },
                {
                    "first": "D",
                    "middle": [
                        "J"
                    ],
                    "last": "Jamieson",
                    "suffix": ""
                }
            ],
            "year": 2014,
            "venue": "N Engl J Med",
            "volume": "370",
            "issn": "",
            "pages": "2211--2219",
            "other_ids": {
                "DOI": [
                    "10.1056/NEJMra1213566"
                ]
            }
        },
        "BIBREF8": {
            "ref_id": "b8",
            "title": "Epidemiological, demographic, and clinical characteristics of 47 cases of Middle East respiratory syndrome coronavirus disease from Saudi Arabia: a descriptive study",
            "authors": [
                {
                    "first": "A",
                    "middle": [],
                    "last": "Assiri",
                    "suffix": ""
                },
                {
                    "first": "J",
                    "middle": [
                        "A"
                    ],
                    "last": "Al-Tawfiq",
                    "suffix": ""
                },
                {
                    "first": "A",
                    "middle": [
                        "A"
                    ],
                    "last": "Al-Rabeeah",
                    "suffix": ""
                },
                {
                    "first": "Al-Rabiah",
                    "middle": [],
                    "last": "Fa",
                    "suffix": ""
                },
                {
                    "first": "Al-Hajjar",
                    "middle": [],
                    "last": "",
                    "suffix": ""
                },
                {
                    "first": "S",
                    "middle": [],
                    "last": "",
                    "suffix": ""
                },
                {
                    "first": "Al",
                    "middle": [
                        "-"
                    ],
                    "last": "Barrak",
                    "suffix": ""
                },
                {
                    "first": "A",
                    "middle": [],
                    "last": "",
                    "suffix": ""
                }
            ],
            "year": 2013,
            "venue": "Lancet Infect Dis",
            "volume": "13",
            "issn": "13",
            "pages": "70204--70208",
            "other_ids": {
                "DOI": [
                    "10.1016/S1473-3099"
                ]
            }
        },
        "BIBREF9": {
            "ref_id": "b9",
            "title": "Family cluster of Middle East respiratory syndrome coronavirus infections",
            "authors": [
                {
                    "first": "Z",
                    "middle": [
                        "A"
                    ],
                    "last": "Memish",
                    "suffix": ""
                },
                {
                    "first": "A",
                    "middle": [
                        "I"
                    ],
                    "last": "Zumla",
                    "suffix": ""
                },
                {
                    "first": "R",
                    "middle": [
                        "F"
                    ],
                    "last": "Al-Hakeem",
                    "suffix": ""
                },
                {
                    "first": "A",
                    "middle": [
                        "A"
                    ],
                    "last": "Al-Rabeeah",
                    "suffix": ""
                },
                {
                    "first": "G",
                    "middle": [
                        "M"
                    ],
                    "last": "Stephens",
                    "suffix": ""
                }
            ],
            "year": 2013,
            "venue": "N Engl J Med",
            "volume": "368",
            "issn": "",
            "pages": "2487--94",
            "other_ids": {
                "DOI": [
                    "10.1056/NEJMoa1303729"
                ]
            }
        },
        "BIBREF10": {
            "ref_id": "b10",
            "title": "Still learning from SARS",
            "authors": [
                {
                    "first": "R",
                    "middle": [
                        "F"
                    ],
                    "last": "Khabbaz",
                    "suffix": ""
                }
            ],
            "year": 2013,
            "venue": "Ann Intern Med",
            "volume": "159",
            "issn": "",
            "pages": "780--781",
            "other_ids": {
                "DOI": [
                    "10.7326/0003-4819-159-11-201312030-00011"
                ]
            }
        },
        "BIBREF11": {
            "ref_id": "b11",
            "title": "Taking stock of the first 133 MERS coronavirus cases globally-is the epidemic changing?",
            "authors": [
                {
                    "first": "P",
                    "middle": [
                        "M"
                    ],
                    "last": "Penttinen",
                    "suffix": ""
                },
                {
                    "first": "K",
                    "middle": [],
                    "last": "Kaasik-Aaslav",
                    "suffix": ""
                },
                {
                    "first": "A",
                    "middle": [],
                    "last": "Friaux",
                    "suffix": ""
                },
                {
                    "first": "A",
                    "middle": [],
                    "last": "Donachie",
                    "suffix": ""
                },
                {
                    "first": "B",
                    "middle": [],
                    "last": "Sudre",
                    "suffix": ""
                },
                {
                    "first": "A",
                    "middle": [
                        "J"
                    ],
                    "last": "Amato-Gauci",
                    "suffix": ""
                }
            ],
            "year": 2013,
            "venue": "Euro Surveill",
            "volume": "18",
            "issn": "",
            "pages": "",
            "other_ids": {
                "DOI": [
                    "10.2807/1560-7917.ES2013.18.39.20596"
                ]
            }
        },
        "BIBREF12": {
            "ref_id": "b12",
            "title": "State of knowledge and data gaps of Middle East respiratory syndrome coronavirus (MERS-CoV) in humans",
            "authors": [
                {
                    "first": "",
                    "middle": [],
                    "last": "Who Mers-Cov Research",
                    "suffix": ""
                },
                {
                    "first": "",
                    "middle": [],
                    "last": "Group",
                    "suffix": ""
                }
            ],
            "year": 2013,
            "venue": "PLoS Curr",
            "volume": "5",
            "issn": "",
            "pages": "",
            "other_ids": {}
        },
        "BIBREF13": {
            "ref_id": "b13",
            "title": "COPEGUS (ribavirin) tablets: highlights of prescribing information",
            "authors": [
                {
                    "first": "Inc",
                    "middle": [],
                    "last": "Genetech",
                    "suffix": ""
                }
            ],
            "year": 2015,
            "venue": "",
            "volume": "",
            "issn": "",
            "pages": "",
            "other_ids": {}
        },
        "BIBREF14": {
            "ref_id": "b14",
            "title": "Common adverse events associated with the use of ribavirin for SARS in Canada",
            "authors": [
                {
                    "first": "S",
                    "middle": [
                        "R"
                    ],
                    "last": "Knowles",
                    "suffix": ""
                },
                {
                    "first": "E",
                    "middle": [
                        "J"
                    ],
                    "last": "Phillips",
                    "suffix": ""
                },
                {
                    "first": "L",
                    "middle": [],
                    "last": "Dresser",
                    "suffix": ""
                },
                {
                    "first": "L",
                    "middle": [],
                    "last": "Matukas",
                    "suffix": ""
                }
            ],
            "year": 2003,
            "venue": "Clin Infect Dis",
            "volume": "37",
            "issn": "",
            "pages": "1139--1181",
            "other_ids": {
                "DOI": [
                    "10.1086/378304"
                ]
            }
        }
    },
    "ref_entries": {
        "FIGREF0": {
            "text": "Timeline of clinical events in a pregnant patient with Middle East respiratory syndrome coronavirus (MERS-CoV) infection, Abu Dhabi, United Arab Emirates, 2013. ICU, intensive care unit.",
            "latex": null,
            "type": "figure"
        },
        "TABREF0": {
            "text": "Emerging Infectious Diseases \u2022 www.cdc.gov/eid \u2022 Vol. 22, No. 3, March 2016 515",
            "latex": null,
            "type": "table"
        },
        "TABREF2": {
            "text": "Laboratory and imaging investigation for a pregnant patient with MERS-CoV infection, Abu Dhabi, United Arab Emirates, 2013* Indianapolis, IN, USA) or Rotor-Gene (QIAGEN) instrument for automated amplification and detection. The detection limit of the assay is 3.4 copies per reaction. Blank cells indicate no testing was done on that day. CT, computed tomography; Ct, cycle threshold; H1N1, influenza A(H1N1)pdm09 virus; MDR, multidrug resistance; MERS-CoV, Middle East respiratory syndrome; MRSA, methicillin-resistant Staphylococcus aureus; naso aspirate, nasopharyngeal aspirate; Neg, negative; Pos, positive; rRT-PCR, real-time reverse transcription PCR.",
            "latex": null,
            "type": "table"
        }
    },
    "back_matter": [
        {
            "text": "We thank the intensive care unit, obstetrics and gynecology, pharmacy, laboratory, and infection prevention teams who participated in the care of this patient.Dr. Malik is Chief of Infectious Diseases Service and the Chairman of Infection Control at Mafraq Hospital, Abu Dhabi, United Arab Emirates. His interests include healthcareassociated infections, multidrug-resistant pathogens, and emerging infectious diseases.",
            "cite_spans": [],
            "ref_spans": [],
            "section": "Acknowledgments"
        }
    ]
}