{
    "paper_id": "3ed670f60a7be2e3e2a991ea8af1fdd5fa5e2b2c",
    "metadata": {
        "title": "BMC Microbiology Cloaked similarity between HIV-1 and SARS-CoV suggests an anti-SARS strategy",
        "authors": [
            {
                "first": "Yossef",
                "middle": [],
                "last": "Kliger",
                "suffix": "",
                "affiliation": {
                    "laboratory": "",
                    "institution": "Tel Aviv",
                    "location": {
                        "postCode": "69512",
                        "country": "Israel"
                    }
                },
                "email": "kliger@compugen.co.il"
            },
            {
                "first": "Erez",
                "middle": [
                    "Y"
                ],
                "last": "Levanon",
                "suffix": "",
                "affiliation": {
                    "laboratory": "",
                    "institution": "Tel Aviv",
                    "location": {
                        "postCode": "69512",
                        "country": "Israel"
                    }
                },
                "email": "erezylevanon-erez@compugen.co.il"
            }
        ]
    },
    "abstract": [
        {
            "text": "Background: Severe acute respiratory syndrome (SARS) is a febrile respiratory illness. The disease has been etiologically linked to a novel coronavirus that has been named the SARSassociated coronavirus (SARS-CoV), whose genome was recently sequenced. Since it is a member of the Coronaviridae, its spike protein (S2) is believed to play a central role in viral entry by facilitating fusion between the viral and host cell membranes. The protein responsible for viralinduced membrane fusion of HIV-1 (gp41) differs in length, and has no sequence homology with S2.",
            "cite_spans": [],
            "ref_spans": [],
            "section": "Abstract"
        },
        {
            "text": "Results: Sequence analysis reveals that the two viral proteins share the sequence motifs that construct their active conformation. These include (1) an N-terminal leucine/isoleucine zipper-like sequence, and (2) a C-terminal heptad repeat located upstream of (3) an aromatic residue-rich region juxtaposed to the (4) transmembrane segment.",
            "cite_spans": [],
            "ref_spans": [],
            "section": "Abstract"
        },
        {
            "text": "This study points to a similar mode of action for the two viral proteins, suggesting that anti-viral strategy that targets the viral-induced membrane fusion step can be adopted from HIV-1 to SARS-CoV. Recently the FDA approved Enfuvirtide, a synthetic peptide corresponding to the C-terminal heptad repeat of HIV-1 gp41, as an anti-AIDS agent. Enfuvirtide and C34, another anti HIV-1 peptide, exert their inhibitory activity by binding to a leucine/isoleucine zipper-like sequence in gp41, thus inhibiting a conformational change of gp41 required for its activation. We suggest that peptides corresponding to the C-terminal heptad repeat of the S2 protein may serve as inhibitors for SARS-CoV entry.",
            "cite_spans": [],
            "ref_spans": [],
            "section": "Abstract"
        }
    ],
    "body_text": [
        {
            "text": "Infection by many enveloped viruses requires fusion of the viral and cellular membranes. A viral envelope protein mediates this membrane fusion process. These proteins are synthesized as precursors (ENV in Retroviridae, and E2 in Coronaviridae) that are later processed into a transmembrane subunit (gp41 in the retrovirus HIV-1, and S2 in the coronavirus SARS-CoV) that is responsible for viralinduced membrane fusion, and a surface subunit that is responsible for the interaction with the cellular receptor/s. HIV-1 gp41, which is a well-characterized protein [1, 2] contains two heptad repeat (HR) regions, a leucine/isoleucine HR adjacent to its N-terminus (N-HR), and C-HR proximal to the transmembrane domain (see Figure 1 ). Heptad repeats are characterized by hydrophobic amino acids in the \"a\" and \"d\" positions of the helix. In the N-HR of gp41, all but one of the \"a\" positions are Leucines or Isoleucines. This feature is less strict in the \"d\" positions of N-HR, and in the \"a\" and \"d\" positions of the C-HR. Peptides corresponding to these heptad repeat regions form the \"trimer-of-hairpins\" core structure of gp41 [3] as confirmed by the solution of the crystal structures [1, 2] . Two Cysteine residues and one Proline residue, located between these two HRs, confine a hairpin conformation (Figure 2a) . A tryptophan-rich motif, located between the C-HR and the transmembrane domain, was shown to play a crucial role in gp41-mediated membrane fusion [4] (Figure 2a) .",
            "cite_spans": [
                {
                    "start": 562,
                    "end": 565,
                    "text": "[1,",
                    "ref_id": "BIBREF0"
                },
                {
                    "start": 566,
                    "end": 568,
                    "text": "2]",
                    "ref_id": "BIBREF1"
                },
                {
                    "start": 1129,
                    "end": 1132,
                    "text": "[3]",
                    "ref_id": "BIBREF2"
                },
                {
                    "start": 1188,
                    "end": 1191,
                    "text": "[1,",
                    "ref_id": "BIBREF0"
                },
                {
                    "start": 1192,
                    "end": 1194,
                    "text": "2]",
                    "ref_id": "BIBREF1"
                },
                {
                    "start": 1466,
                    "end": 1469,
                    "text": "[4]",
                    "ref_id": "BIBREF3"
                }
            ],
            "ref_spans": [
                {
                    "start": 720,
                    "end": 728,
                    "text": "Figure 1",
                    "ref_id": null
                },
                {
                    "start": 1306,
                    "end": 1317,
                    "text": "(Figure 2a)",
                    "ref_id": null
                },
                {
                    "start": 1470,
                    "end": 1481,
                    "text": "(Figure 2a)",
                    "ref_id": null
                }
            ],
            "section": "Background"
        },
        {
            "text": "In order to exert their role in membrane fusion, viral spike proteins act as oligomers and go through a significant conformational change resulting in the \"trimer-of-hairpin\" conformation. The oligomerization and the change in conformation of viral spike proteins involve interactions between proteins segments. Peptides derived from a segment of this protein might therefore interfere with one of these processes, and inhibit viral infection. Indeed, Wheel projection of the N-HR (a) and C-HR (b) of HIV-1 gp41 (gi|9629363) Figure 1 Wheel projection of the N-HR (a) and C-HR (b) of HIV-1 gp41 (gi|9629363). The amino acid sequence is displayed end-to-end down the axis of a schematic helix. The angle between every two consecutive amino acids is 102.9\u00b0. The helical wheel consists of seven corners, corresponding to the fit of seven amino acid residues into every two helical turns.",
            "cite_spans": [],
            "ref_spans": [
                {
                    "start": 525,
                    "end": 533,
                    "text": "Figure 1",
                    "ref_id": null
                }
            ],
            "section": "Background"
        },
        {
            "text": "Similarity between the fusion proteins of HIV-1 and SARS-CoV Figure 2 Similarity between the fusion proteins of HIV-1 and SARS-CoV. The HIV-1 gp41 (a) and the equivalent S2 protein from the SARS-CoV (b) are shown. A Leucine/Isoleucine heptad repeat adjacent to the N-terminus of both proteins appears in red. The C-terminal heptad repeat is in green. Cysteine residues (purple) confining a loop structure are located between the two heptad repeats. An aromatic residues-rich motif is marked blue, and the transmembrane segment is in orange. A peptide corresponding to the C-terminal heptad repeat, which acts as potent inhibitor of HIV-1 entry into the cell, appears in yellow.",
            "cite_spans": [],
            "ref_spans": [
                {
                    "start": 61,
                    "end": 69,
                    "text": "Figure 2",
                    "ref_id": null
                }
            ],
            "section": "Background"
        },
        {
            "text": "peptides corresponding to the C-HR of gp41 are potent inhibitors of HIV-1 entry into cells, one of them, Enfuvirtide (Fuzeon), was recently approved by the FDA as an addition to the cocktail currently given to AIDS patients [5] , and C34, a peptide corresponding to the C-HR of the gp41 core complex is promising in-vitro [1] . It is believed that these peptides exert their anti-viral activity via a dominant negative mechanism by interacting with the central N-HR segment of gp41 [6] . This is a promising approach also in developing anti-viral peptides against several paramyxoviruses [7] .",
            "cite_spans": [
                {
                    "start": 224,
                    "end": 227,
                    "text": "[5]",
                    "ref_id": null
                },
                {
                    "start": 322,
                    "end": 325,
                    "text": "[1]",
                    "ref_id": "BIBREF0"
                },
                {
                    "start": 482,
                    "end": 485,
                    "text": "[6]",
                    "ref_id": "BIBREF5"
                },
                {
                    "start": 588,
                    "end": 591,
                    "text": "[7]",
                    "ref_id": "BIBREF6"
                }
            ],
            "ref_spans": [],
            "section": "Background"
        },
        {
            "text": "The genome of the SARS-CoV was recently sequenced [8, 9] . Since it is a member of the Coronaviridae [10] , the S2 protein is believed to play a central role in viral entry. Although we found no sequence homology between the SARS-CoV S2 and HIV-1 gp41, a comprehensive sequence analysis reveals that all the above-mentioned elements of gp41 are present also in S2.",
            "cite_spans": [
                {
                    "start": 50,
                    "end": 53,
                    "text": "[8,",
                    "ref_id": null
                },
                {
                    "start": 54,
                    "end": 56,
                    "text": "9]",
                    "ref_id": "BIBREF8"
                },
                {
                    "start": 101,
                    "end": 105,
                    "text": "[10]",
                    "ref_id": "BIBREF9"
                }
            ],
            "ref_spans": [],
            "section": "Background"
        },
        {
            "text": "In analogy to HIV-1 gp41, N-HR and an aromatic-rich region in SARS-CoV S2 protein were identified by Gallaher & Garry [11] . Whereas these discoveries have structural importance, peptides corresponding to the N-HR of HIV-1 [12] and Sendai virus [13] , and to the aromatic-rich region of feline immunodeficiency virus [14] were found to have only low anti-viral activity, compared to the highly active C-HR corresponding peptides.",
            "cite_spans": [
                {
                    "start": 118,
                    "end": 122,
                    "text": "[11]",
                    "ref_id": "BIBREF10"
                },
                {
                    "start": 223,
                    "end": 227,
                    "text": "[12]",
                    "ref_id": "BIBREF11"
                },
                {
                    "start": 245,
                    "end": 249,
                    "text": "[13]",
                    "ref_id": "BIBREF14"
                },
                {
                    "start": 317,
                    "end": 321,
                    "text": "[14]",
                    "ref_id": "BIBREF15"
                }
            ],
            "ref_spans": [],
            "section": "Background"
        },
        {
            "text": "Herein, we report the identification of the sequence in SARS-CoV S2 protein that is analogous to the C-HR of HIV-1 gp41. This led us to the suggestion that the viral entry mechanisms are analogous and therefore a therapeutic strategy that is being applied against the HIV-1 can be adopted to fight SARS-CoV.",
            "cite_spans": [],
            "ref_spans": [],
            "section": "Background"
        },
        {
            "text": "Coronaviridae S2 proteins are believed to be functionally equivalent to the transmembrane subunits of Retroviral ENV. However, using well-known sequence comparison algorithms [15, 16] , we found that there is no sequence homology between the S2 protein of SARS-CoV and HIV-1 gp41.",
            "cite_spans": [
                {
                    "start": 175,
                    "end": 179,
                    "text": "[15,",
                    "ref_id": "BIBREF16"
                },
                {
                    "start": 180,
                    "end": 183,
                    "text": "16]",
                    "ref_id": "BIBREF17"
                }
            ],
            "ref_spans": [],
            "section": "Results and discussion"
        },
        {
            "text": "Markedly, LearnCoil-VMF [17] , helical wheel analysis and protein topology prediction [18] reveal that the SARS-CoV S2 protein consists of the same elements that were characterized in HIV-1 gp41 (Figure 2b ): (I) N-HR, a Leucine/ Isoleucine heptad repeat appears on residues 913-1000 of the SARS-CoV CUHK-W1 isolate (Figure 3a) .; (II) C-HR, a Leucine/Isoleucine heptad repeat appears on residues 1151-1185 ( Figure 3b ); (III) the loop between these two HRs is longer than that of gp41, and is confined by four Cysteine residues and nine Proline residues that might conform a double loop structure; (IV) a transmembrane region is predicted adjacent to the C-terminus of the protein [18] ; (V) a Tryptophan/Tyrosine-rich motif is located between the C-HR and the transmembrane domain (Figure 4) . The results reveal similar structural motifs in HIV-1 gp41 and SARS-CoV S2 proteins, suggesting an analogous membrane fusion mechanism induced by the two viruses.",
            "cite_spans": [
                {
                    "start": 24,
                    "end": 28,
                    "text": "[17]",
                    "ref_id": "BIBREF18"
                },
                {
                    "start": 86,
                    "end": 90,
                    "text": "[18]",
                    "ref_id": "BIBREF19"
                },
                {
                    "start": 683,
                    "end": 687,
                    "text": "[18]",
                    "ref_id": "BIBREF19"
                }
            ],
            "ref_spans": [
                {
                    "start": 195,
                    "end": 205,
                    "text": "(Figure 2b",
                    "ref_id": null
                },
                {
                    "start": 316,
                    "end": 327,
                    "text": "(Figure 3a)",
                    "ref_id": null
                },
                {
                    "start": 409,
                    "end": 418,
                    "text": "Figure 3b",
                    "ref_id": null
                },
                {
                    "start": 784,
                    "end": 794,
                    "text": "(Figure 4)",
                    "ref_id": null
                }
            ],
            "section": "Results and discussion"
        },
        {
            "text": "The helical wheel diagram serves as an equivalent to the Spartan scytale, the first military cryptographic device, consisting of a cylinder with a strip of paper wound around it. The recipient has a rod of the same diameter, on which he wraps the paper to read the message. Herein, the prior knowledge of the 3.5 periodicity learned from the HIV-1 gp41 structural studies, is used to decipher the structural features of the SARS-CoV S2 protein.",
            "cite_spans": [],
            "ref_spans": [],
            "section": "Results and discussion"
        },
        {
            "text": "In general, SARS-CoV S2 and HIV-1 gp41 share the hairpin structure. However, it is worth noting that the N-HR of S2 is longer than that of gp41 and contains more Leucines and Isoleucines. Furthermore, while the C-HR of gp41 barely shows any heptad repeat signal, the C-HR of S2 has a perfect Leucine/Isoleucine heptad repeat in its \"d\" positions.",
            "cite_spans": [],
            "ref_spans": [],
            "section": "Results and discussion"
        },
        {
            "text": "The antiviral activity of Enfuvirtide was reported as early as 1993 [19] , while it took few years until the fold of gp41 core complex was discovered [3] and its crystal structure being solved [1, 2] . Based on these structural studies, peptides corresponding to the C-HR of gp41 core complex, such as C34, were synthesized and found to efficiently inhibit HIV-1 induced membrane fusion [1] . Interestingly, Enfuvirtide, which is a shifted version of these Cpeptides, does not comprise the residues that were shown to be essential for their inhibitory activity [20] . Indeed, others and myself reported that in some cases C34 is more potent in inhibiting HIV-1 gp41 induced membrane fusion than Enfuvirtide [21, 22] . Thus, the SARS-CoV sequence corresponding to C34 has higher chances to block SARS-CoV entry.",
            "cite_spans": [
                {
                    "start": 68,
                    "end": 72,
                    "text": "[19]",
                    "ref_id": "BIBREF20"
                },
                {
                    "start": 150,
                    "end": 153,
                    "text": "[3]",
                    "ref_id": "BIBREF2"
                },
                {
                    "start": 193,
                    "end": 196,
                    "text": "[1,",
                    "ref_id": "BIBREF0"
                },
                {
                    "start": 197,
                    "end": 199,
                    "text": "2]",
                    "ref_id": "BIBREF1"
                },
                {
                    "start": 387,
                    "end": 390,
                    "text": "[1]",
                    "ref_id": "BIBREF0"
                },
                {
                    "start": 561,
                    "end": 565,
                    "text": "[20]",
                    "ref_id": "BIBREF21"
                },
                {
                    "start": 707,
                    "end": 711,
                    "text": "[21,",
                    "ref_id": "BIBREF22"
                },
                {
                    "start": 712,
                    "end": 715,
                    "text": "22]",
                    "ref_id": "BIBREF23"
                }
            ],
            "ref_spans": [],
            "section": "Results and discussion"
        },
        {
            "text": "Based on the similarity in the mechanisms in which the two viruses induce fusion between their membrane and their host cell membrane, we propose adapting the successful anti-fusion therapeutic approach used against HIV-1 to the SARS-CoV case. Peptides derived from the C-HR segment of SARS-CoV S2 protein (ISGINASVV-NIQKEIDRLNEVAKNLNESLIDLQEL) might inhibit viral induced membrane fusion, thereby blocking SARS-CoV infection. As the SARS-CoV infects respiratory tissues, the classical disadvantages of peptide therapeutics administration may be overcome using intranasal delivery [23] .",
            "cite_spans": [
                {
                    "start": 580,
                    "end": 584,
                    "text": "[23]",
                    "ref_id": "BIBREF24"
                }
            ],
            "ref_spans": [],
            "section": "Conclusions"
        },
        {
            "text": "Wheel projection of the N-HR (a) and C-HR (b) of SARS-CoV S2 protein (gi|30023954) Figure 3 Wheel projection of the N-HR (a) and C-HR (b) of SARS-CoV S2 protein (gi|30023954). The amino acid sequence is displayed end-to-end down the axis of a schematic helix. The angle between every two consecutive amino acids is 102.9\u00b0. The helical wheel consists of seven corners, corresponding to the fit of seven amino acid residues into every two helical turns.",
            "cite_spans": [],
            "ref_spans": [
                {
                    "start": 83,
                    "end": 91,
                    "text": "Figure 3",
                    "ref_id": null
                }
            ],
            "section": "Conclusions"
        },
        {
            "text": "LearnCoil-VMF program [17] and helical wheel diagrams, with 3.5 amino acid per residue, were used to detect coiled-coil regions in the SARS-CoV S2 protein.",
            "cite_spans": [
                {
                    "start": 22,
                    "end": 26,
                    "text": "[17]",
                    "ref_id": "BIBREF18"
                }
            ],
            "ref_spans": [],
            "section": "Heptad repeat analysis"
        },
        {
            "text": "HMMTOP program [18] was used to predict the location of transmembrane regions in the SARS-CoV S2 protein.",
            "cite_spans": [
                {
                    "start": 15,
                    "end": 19,
                    "text": "[18]",
                    "ref_id": "BIBREF19"
                }
            ],
            "ref_spans": [],
            "section": "Transmembrane domain prediction"
        },
        {
            "text": "SARS-CoV genomic sequence information (NC_004718) was retrieved from GenBank at the National Center for Biotechnology Information (NCBI). The SARS-CoV E2 precursor protein accession number is gi|30023954. This precursor is believed to be post-translationally processed to reveal S1 and S2, as confirmed in other Coronaviridae viruses.",
            "cite_spans": [],
            "ref_spans": [],
            "section": "Protein sequences"
        },
        {
            "text": "The HIV-1 gp160 precursor protein sequence used here is gi|9629363. Gp41 starts at residue 512, after the basic cleavage site. Authors' contributions Y.K. was responsible for the initiation of this project. E.Y.L. & Y.K. carried out the technical work, analyzed the data, drafted the manuscript and approved the final manuscript.",
            "cite_spans": [],
            "ref_spans": [],
            "section": "Protein sequences"
        }
    ],
    "bib_entries": {
        "BIBREF0": {
            "ref_id": "b0",
            "title": "Core structure of gp41 from the HIV envelope glycoprotein",
            "authors": [
                {
                    "first": "D",
                    "middle": [
                        "C"
                    ],
                    "last": "Chan",
                    "suffix": ""
                },
                {
                    "first": "D",
                    "middle": [],
                    "last": "Fass",
                    "suffix": ""
                },
                {
                    "first": "J",
                    "middle": [
                        "M"
                    ],
                    "last": "Berger",
                    "suffix": ""
                },
                {
                    "first": "P",
                    "middle": [
                        "S"
                    ],
                    "last": "Kim",
                    "suffix": ""
                }
            ],
            "year": 1997,
            "venue": "Cell",
            "volume": "89",
            "issn": "",
            "pages": "263--273",
            "other_ids": {}
        },
        "BIBREF1": {
            "ref_id": "b1",
            "title": "Atomic structure of the ectodomain from HIV-1 gp41",
            "authors": [
                {
                    "first": "W",
                    "middle": [],
                    "last": "Weissenhorn",
                    "suffix": ""
                },
                {
                    "first": "A",
                    "middle": [],
                    "last": "Dessen",
                    "suffix": ""
                },
                {
                    "first": "S",
                    "middle": [
                        "C"
                    ],
                    "last": "Harrison",
                    "suffix": ""
                },
                {
                    "first": "J",
                    "middle": [
                        "J"
                    ],
                    "last": "Skehel",
                    "suffix": ""
                },
                {
                    "first": "D",
                    "middle": [
                        "C"
                    ],
                    "last": "Wiley",
                    "suffix": ""
                }
            ],
            "year": 1997,
            "venue": "Nature",
            "volume": "387",
            "issn": "",
            "pages": "426--430",
            "other_ids": {
                "DOI": [
                    "http:/www.ncbi.nlm.nih.gov/entrez/query.fcgi?cmd=Retrieve&db=PubMed&dopt=Abstract&list_uids=10.1038/387426a0"
                ]
            }
        },
        "BIBREF2": {
            "ref_id": "b2",
            "title": "A trimeric structural domain of the HIV-1 transmembrane glycoprotein",
            "authors": [
                {
                    "first": "M",
                    "middle": [],
                    "last": "Lu",
                    "suffix": ""
                },
                {
                    "first": "S",
                    "middle": [
                        "C"
                    ],
                    "last": "Blacklow",
                    "suffix": ""
                },
                {
                    "first": "P",
                    "middle": [
                        "S"
                    ],
                    "last": "Kim",
                    "suffix": ""
                }
            ],
            "year": 1995,
            "venue": "Nat Struct Biol",
            "volume": "2",
            "issn": "",
            "pages": "1075--1082",
            "other_ids": {}
        },
        "BIBREF3": {
            "ref_id": "b3",
            "title": "A conserved tryptophan-rich motif in the membrane-proximal region of the human immunodeficiency virus type 1 gp41 ectodomain is important for Env-mediated fusion and virus infectivity",
            "authors": [
                {
                    "first": "K",
                    "middle": [],
                    "last": "Salzwedel",
                    "suffix": ""
                },
                {
                    "first": "J",
                    "middle": [
                        "T"
                    ],
                    "last": "West",
                    "suffix": ""
                },
                {
                    "first": "E",
                    "middle": [],
                    "last": "Hunter",
                    "suffix": ""
                }
            ],
            "year": 1999,
            "venue": "J Virol",
            "volume": "73",
            "issn": "",
            "pages": "2469--2480",
            "other_ids": {}
        },
        "BIBREF5": {
            "ref_id": "b5",
            "title": "HIV entry and its inhibition",
            "authors": [
                {
                    "first": "Chan",
                    "middle": [],
                    "last": "Dc",
                    "suffix": ""
                },
                {
                    "first": "P",
                    "middle": [
                        "S"
                    ],
                    "last": "Kim",
                    "suffix": ""
                }
            ],
            "year": 1998,
            "venue": "Cell",
            "volume": "93",
            "issn": "",
            "pages": "681--684",
            "other_ids": {}
        },
        "BIBREF6": {
            "ref_id": "b6",
            "title": "Peptides from conserved regions of paramyxovirus fusion (F) proteins are potent inhibitors of viral fusion",
            "authors": [
                {
                    "first": "D",
                    "middle": [
                        "M"
                    ],
                    "last": "Lambert",
                    "suffix": ""
                },
                {
                    "first": "S",
                    "middle": [],
                    "last": "Barney",
                    "suffix": ""
                },
                {
                    "first": "A",
                    "middle": [
                        "L"
                    ],
                    "last": "Lambert",
                    "suffix": ""
                },
                {
                    "first": "K",
                    "middle": [],
                    "last": "Guthrie",
                    "suffix": ""
                },
                {
                    "first": "R",
                    "middle": [],
                    "last": "Medinas",
                    "suffix": ""
                },
                {
                    "first": "D",
                    "middle": [
                        "E"
                    ],
                    "last": "Davis",
                    "suffix": ""
                },
                {
                    "first": "T",
                    "middle": [],
                    "last": "Bucy",
                    "suffix": ""
                },
                {
                    "first": "J",
                    "middle": [],
                    "last": "Erickson",
                    "suffix": ""
                },
                {
                    "first": "Merutka",
                    "middle": [
                        "G"
                    ],
                    "last": "Petteway",
                    "suffix": ""
                },
                {
                    "first": "S",
                    "middle": [
                        "R"
                    ],
                    "last": "Jr",
                    "suffix": ""
                }
            ],
            "year": 1996,
            "venue": "Proc Natl Acad Sci",
            "volume": "93",
            "issn": "",
            "pages": "2186--2191",
            "other_ids": {
                "DOI": [
                    "http:/www.ncbi.nlm.nih.gov/entrez/query.fcgi?cmd=Retrieve&db=PubMed&dopt=Abstract&list_uids=10.1073/pnas.93.5.2186"
                ]
            }
        },
        "BIBREF8": {
            "ref_id": "b8",
            "title": "Characterization of a novel coronavirus associated with severe acute respiratory syndrome",
            "authors": [
                {
                    "first": "P",
                    "middle": [
                        "A"
                    ],
                    "last": "Rota",
                    "suffix": ""
                },
                {
                    "first": "M",
                    "middle": [
                        "S"
                    ],
                    "last": "Oberste",
                    "suffix": ""
                },
                {
                    "first": "S",
                    "middle": [
                        "S"
                    ],
                    "last": "Monroe",
                    "suffix": ""
                },
                {
                    "first": "W",
                    "middle": [
                        "A"
                    ],
                    "last": "Nix",
                    "suffix": ""
                },
                {
                    "first": "R",
                    "middle": [],
                    "last": "Campagnoli",
                    "suffix": ""
                },
                {
                    "first": "J",
                    "middle": [
                        "P"
                    ],
                    "last": "Icenogle",
                    "suffix": ""
                },
                {
                    "first": "S",
                    "middle": [],
                    "last": "Penaranda",
                    "suffix": ""
                },
                {
                    "first": "B",
                    "middle": [],
                    "last": "Bankamp",
                    "suffix": ""
                },
                {
                    "first": "K",
                    "middle": [],
                    "last": "Maher",
                    "suffix": ""
                },
                {
                    "first": "M",
                    "middle": [
                        "H"
                    ],
                    "last": "Chen",
                    "suffix": ""
                },
                {
                    "first": "S",
                    "middle": [],
                    "last": "Tong",
                    "suffix": ""
                },
                {
                    "first": "A",
                    "middle": [],
                    "last": "Tamin",
                    "suffix": ""
                },
                {
                    "first": "L",
                    "middle": [],
                    "last": "Lowe",
                    "suffix": ""
                },
                {
                    "first": "M",
                    "middle": [],
                    "last": "Frace",
                    "suffix": ""
                },
                {
                    "first": "J",
                    "middle": [
                        "L"
                    ],
                    "last": "Derisi",
                    "suffix": ""
                },
                {
                    "first": "Q",
                    "middle": [],
                    "last": "Chen",
                    "suffix": ""
                },
                {
                    "first": "D",
                    "middle": [],
                    "last": "Wang",
                    "suffix": ""
                },
                {
                    "first": "D",
                    "middle": [
                        "D"
                    ],
                    "last": "Erdman",
                    "suffix": ""
                },
                {
                    "first": "T",
                    "middle": [
                        "C"
                    ],
                    "last": "Peret",
                    "suffix": ""
                },
                {
                    "first": "C",
                    "middle": [],
                    "last": "Burns",
                    "suffix": ""
                },
                {
                    "first": "T",
                    "middle": [
                        "G"
                    ],
                    "last": "Ksiazek",
                    "suffix": ""
                },
                {
                    "first": "P",
                    "middle": [
                        "E"
                    ],
                    "last": "Rollin",
                    "suffix": ""
                },
                {
                    "first": "A",
                    "middle": [],
                    "last": "Sanchez",
                    "suffix": ""
                },
                {
                    "first": "S",
                    "middle": [],
                    "last": "Liffick",
                    "suffix": ""
                },
                {
                    "first": "B",
                    "middle": [],
                    "last": "Holloway",
                    "suffix": ""
                },
                {
                    "first": "J",
                    "middle": [],
                    "last": "Limor",
                    "suffix": ""
                },
                {
                    "first": "K",
                    "middle": [],
                    "last": "Mccaustland",
                    "suffix": ""
                },
                {
                    "first": "M",
                    "middle": [],
                    "last": "Olsen-Rasmussen",
                    "suffix": ""
                },
                {
                    "first": "R",
                    "middle": [],
                    "last": "Fouchier",
                    "suffix": ""
                },
                {
                    "first": "S",
                    "middle": [],
                    "last": "Gunther",
                    "suffix": ""
                },
                {
                    "first": "A",
                    "middle": [
                        "D"
                    ],
                    "last": "Osterhaus",
                    "suffix": ""
                },
                {
                    "first": "C",
                    "middle": [],
                    "last": "Drosten",
                    "suffix": ""
                },
                {
                    "first": "M",
                    "middle": [
                        "A"
                    ],
                    "last": "Pallansch",
                    "suffix": ""
                },
                {
                    "first": "Anderson",
                    "middle": [],
                    "last": "Lj",
                    "suffix": ""
                },
                {
                    "first": "W",
                    "middle": [
                        "J"
                    ],
                    "last": "Bellini",
                    "suffix": ""
                }
            ],
            "year": 2003,
            "venue": "Science",
            "volume": "300",
            "issn": "",
            "pages": "1394--1399",
            "other_ids": {
                "DOI": [
                    "http:/www.ncbi.nlm.nih.gov/entrez/query.fcgi?cmd=Retrieve&db=PubMed&dopt=Abstract&list_uids=10.1126/science.1085952"
                ]
            }
        },
        "BIBREF9": {
            "ref_id": "b9",
            "title": "Coronavirus as a possible cause of severe acute respiratory syndrome",
            "authors": [
                {
                    "first": "J",
                    "middle": [
                        "S"
                    ],
                    "last": "Peiris",
                    "suffix": ""
                },
                {
                    "first": "S",
                    "middle": [
                        "T"
                    ],
                    "last": "Lai",
                    "suffix": ""
                },
                {
                    "first": "L",
                    "middle": [
                        "L"
                    ],
                    "last": "Poon",
                    "suffix": ""
                },
                {
                    "first": "Y",
                    "middle": [],
                    "last": "Guan",
                    "suffix": ""
                },
                {
                    "first": "L",
                    "middle": [
                        "Y"
                    ],
                    "last": "Yam",
                    "suffix": ""
                },
                {
                    "first": "W",
                    "middle": [],
                    "last": "Lim",
                    "suffix": ""
                },
                {
                    "first": "J",
                    "middle": [],
                    "last": "Nicholls",
                    "suffix": ""
                },
                {
                    "first": "W",
                    "middle": [
                        "K"
                    ],
                    "last": "Yee",
                    "suffix": ""
                },
                {
                    "first": "W",
                    "middle": [
                        "W"
                    ],
                    "last": "Yan",
                    "suffix": ""
                },
                {
                    "first": "M",
                    "middle": [
                        "T"
                    ],
                    "last": "Cheung",
                    "suffix": ""
                },
                {
                    "first": "V",
                    "middle": [
                        "C"
                    ],
                    "last": "Cheng",
                    "suffix": ""
                },
                {
                    "first": "K",
                    "middle": [
                        "H"
                    ],
                    "last": "Chan",
                    "suffix": ""
                },
                {
                    "first": "D",
                    "middle": [
                        "N"
                    ],
                    "last": "Tsang",
                    "suffix": ""
                },
                {
                    "first": "R",
                    "middle": [
                        "W"
                    ],
                    "last": "Yung",
                    "suffix": ""
                },
                {
                    "first": "T",
                    "middle": [
                        "K"
                    ],
                    "last": "Ng",
                    "suffix": ""
                },
                {
                    "first": "K",
                    "middle": [
                        "Y"
                    ],
                    "last": "Yuen",
                    "suffix": ""
                }
            ],
            "year": 2003,
            "venue": "Lancet",
            "volume": "361",
            "issn": "",
            "pages": "1319--1325",
            "other_ids": {
                "DOI": [
                    "http:/www.ncbi.nlm.nih.gov/entrez/query.fcgi?cmd=Retrieve&db=PubMed&dopt=Abstract&list_uids=10.1016/S0140-6736(03)13077-2"
                ]
            }
        },
        "BIBREF10": {
            "ref_id": "b10",
            "title": "Model of the pre-insertion region of the spike (S2) fusion glycoprotein of the human SARS coronavirus: implications for antiviral therapeutics",
            "authors": [
                {
                    "first": "W",
                    "middle": [
                        "R"
                    ],
                    "last": "Gallaher",
                    "suffix": ""
                },
                {
                    "first": "R",
                    "middle": [
                        "F"
                    ],
                    "last": "Garry",
                    "suffix": ""
                }
            ],
            "year": null,
            "venue": "",
            "volume": "",
            "issn": "",
            "pages": "",
            "other_ids": {}
        },
        "BIBREF11": {
            "ref_id": "b11",
            "title": "Peptides corresponding to a predictive alpha-helical domain of human immunodeficiency virus type 1 gp41 are potent inhibitors of virus infection",
            "authors": [
                {
                    "first": "C",
                    "middle": [
                        "T"
                    ],
                    "last": "Wild",
                    "suffix": ""
                },
                {
                    "first": "D",
                    "middle": [
                        "C"
                    ],
                    "last": "Shugars",
                    "suffix": ""
                },
                {
                    "first": "T",
                    "middle": [
                        "K"
                    ],
                    "last": "Greenwell",
                    "suffix": ""
                },
                {
                    "first": "C",
                    "middle": [
                        "B"
                    ],
                    "last": "Mcdanal",
                    "suffix": ""
                },
                {
                    "first": "T",
                    "middle": [
                        "J"
                    ],
                    "last": "Matthews",
                    "suffix": ""
                }
            ],
            "year": 1994,
            "venue": "Proc Natl Acad Sci U S A",
            "volume": "91",
            "issn": "",
            "pages": "9770--9774",
            "other_ids": {}
        },
        "BIBREF12": {
            "ref_id": "b12",
            "title": "Sequence comparison of the aromatic residue-rich regions of HIV-1 gp41 and SARS-CoV S2 proteins Figure 4",
            "authors": [],
            "year": null,
            "venue": "",
            "volume": "",
            "issn": "",
            "pages": "",
            "other_ids": {}
        },
        "BIBREF13": {
            "ref_id": "b13",
            "title": "Sequence comparison of the aromatic residue-rich regions of HIV-1 gp41 and SARS-CoV S2 proteins. The aromatic residues are in blue. Remarkably, the relatively rare aromatic residues comprise about half of the residues in these region",
            "authors": [],
            "year": null,
            "venue": "",
            "volume": "",
            "issn": "",
            "pages": "",
            "other_ids": {}
        },
        "BIBREF14": {
            "ref_id": "b14",
            "title": "A synthetic peptide corresponding to a conserved heptad repeat domain is a potent inhibitor of Sendai virus-cell fusion: an emerging similarity with functional domains of other viruses",
            "authors": [
                {
                    "first": "D",
                    "middle": [],
                    "last": "Rapaport",
                    "suffix": ""
                },
                {
                    "first": "M",
                    "middle": [],
                    "last": "Ovadia",
                    "suffix": ""
                },
                {
                    "first": "Y",
                    "middle": [],
                    "last": "Shai",
                    "suffix": ""
                }
            ],
            "year": 1995,
            "venue": "Embo J",
            "volume": "14",
            "issn": "",
            "pages": "5524--5531",
            "other_ids": {}
        },
        "BIBREF15": {
            "ref_id": "b15",
            "title": "Antiviral activity and conformational features of an octapeptide derived from the membrane-proximal ectodomain of the feline immunodeficiency virus transmembrane glycoprotein",
            "authors": [
                {
                    "first": "S",
                    "middle": [],
                    "last": "Giannecchini",
                    "suffix": ""
                },
                {
                    "first": "Di",
                    "middle": [],
                    "last": "Fenza",
                    "suffix": ""
                },
                {
                    "first": "A",
                    "middle": [],
                    "last": "",
                    "suffix": ""
                },
                {
                    "first": "D",
                    "middle": [],
                    "last": "&apos;ursi",
                    "suffix": ""
                },
                {
                    "first": "A",
                    "middle": [
                        "M"
                    ],
                    "last": "Matteucci",
                    "suffix": ""
                },
                {
                    "first": "D",
                    "middle": [],
                    "last": "Rovero",
                    "suffix": ""
                },
                {
                    "first": "P",
                    "middle": [],
                    "last": "Bendinelli",
                    "suffix": ""
                },
                {
                    "first": "M",
                    "middle": [],
                    "last": "",
                    "suffix": ""
                }
            ],
            "year": 2003,
            "venue": "J Virol",
            "volume": "77",
            "issn": "",
            "pages": "3724--3733",
            "other_ids": {}
        },
        "BIBREF16": {
            "ref_id": "b16",
            "title": "Basic local alignment search tool",
            "authors": [
                {
                    "first": "S",
                    "middle": [
                        "F"
                    ],
                    "last": "Altschul",
                    "suffix": ""
                },
                {
                    "first": "W",
                    "middle": [],
                    "last": "Gish",
                    "suffix": ""
                },
                {
                    "first": "W",
                    "middle": [],
                    "last": "Miller",
                    "suffix": ""
                },
                {
                    "first": "E",
                    "middle": [
                        "W"
                    ],
                    "last": "Myers",
                    "suffix": ""
                },
                {
                    "first": "D",
                    "middle": [
                        "J"
                    ],
                    "last": "Lipman",
                    "suffix": ""
                }
            ],
            "year": 1990,
            "venue": "J Mol Biol",
            "volume": "215",
            "issn": "",
            "pages": "403--410",
            "other_ids": {
                "DOI": [
                    "http:/www.ncbi.nlm.nih.gov/entrez/query.fcgi?cmd=Retrieve&db=PubMed&dopt=Abstract&list_uids=10.1006/jmbi.1990.9999"
                ]
            }
        },
        "BIBREF17": {
            "ref_id": "b17",
            "title": "A general method applicable to the search for similarities in the amino acid sequence of two proteins",
            "authors": [
                {
                    "first": "S",
                    "middle": [
                        "B"
                    ],
                    "last": "Needleman",
                    "suffix": ""
                },
                {
                    "first": "C",
                    "middle": [
                        "D"
                    ],
                    "last": "Wunsch",
                    "suffix": ""
                }
            ],
            "year": 1970,
            "venue": "J Mol Biol",
            "volume": "48",
            "issn": "",
            "pages": "443--453",
            "other_ids": {}
        },
        "BIBREF18": {
            "ref_id": "b18",
            "title": "LearnCoil-VMF: computational evidence for coiled-coil-like motifs in many viral membranefusion proteins",
            "authors": [
                {
                    "first": "M",
                    "middle": [],
                    "last": "Singh",
                    "suffix": ""
                },
                {
                    "first": "B",
                    "middle": [],
                    "last": "Berger",
                    "suffix": ""
                },
                {
                    "first": "P",
                    "middle": [
                        "S"
                    ],
                    "last": "Kim",
                    "suffix": ""
                }
            ],
            "year": 1999,
            "venue": "J Mol Biol",
            "volume": "290",
            "issn": "",
            "pages": "1031--1041",
            "other_ids": {
                "DOI": [
                    "http:/www.ncbi.nlm.nih.gov/entrez/query.fcgi?cmd=Retrieve&db=PubMed&dopt=Abstract&list_uids=10.1006/jmbi.1999.2796"
                ]
            }
        },
        "BIBREF19": {
            "ref_id": "b19",
            "title": "The HMMTOP transmembrane topology prediction server",
            "authors": [
                {
                    "first": "G",
                    "middle": [
                        "E"
                    ],
                    "last": "Tusnady",
                    "suffix": ""
                },
                {
                    "first": "I",
                    "middle": [],
                    "last": "Simon",
                    "suffix": ""
                }
            ],
            "year": 2001,
            "venue": "Bioinformatics",
            "volume": "17",
            "issn": "",
            "pages": "849--850",
            "other_ids": {
                "DOI": [
                    "http:/www.ncbi.nlm.nih.gov/entrez/query.fcgi?cmd=Retrieve&db=PubMed&dopt=Abstract&list_uids=10.1093/bioinformatics/17.9.849"
                ]
            }
        },
        "BIBREF20": {
            "ref_id": "b20",
            "title": "A synthetic peptide from HIV-1 gp41 is a potent inhibitor of virus-mediated cell-cell fusion",
            "authors": [
                {
                    "first": "C",
                    "middle": [],
                    "last": "Wild",
                    "suffix": ""
                },
                {
                    "first": "T",
                    "middle": [],
                    "last": "Greenwell",
                    "suffix": ""
                },
                {
                    "first": "T",
                    "middle": [],
                    "last": "Matthews",
                    "suffix": ""
                }
            ],
            "year": 1993,
            "venue": "AIDS Res Hum Retroviruses",
            "volume": "9",
            "issn": "",
            "pages": "1051--1053",
            "other_ids": {}
        },
        "BIBREF21": {
            "ref_id": "b21",
            "title": "Evidence that a prominent cavity in the coiled coil of HIV type 1 gp41 is an attractive drug target",
            "authors": [
                {
                    "first": "D",
                    "middle": [
                        "C"
                    ],
                    "last": "Chan",
                    "suffix": ""
                },
                {
                    "first": "C",
                    "middle": [
                        "T"
                    ],
                    "last": "Chutkowski",
                    "suffix": ""
                },
                {
                    "first": "P",
                    "middle": [
                        "S"
                    ],
                    "last": "Kim",
                    "suffix": ""
                }
            ],
            "year": 1998,
            "venue": "Proc Natl Acad Sci",
            "volume": "95",
            "issn": "",
            "pages": "15613--15617",
            "other_ids": {
                "DOI": [
                    "http:/www.ncbi.nlm.nih.gov/entrez/query.fcgi?cmd=Retrieve&db=PubMed&dopt=Abstract&list_uids=10.1073/pnas.95.26.15613"
                ]
            }
        },
        "BIBREF22": {
            "ref_id": "b22",
            "title": "The possible involvement of CXCR4 in the inhibition of HIV-1 infection mediated by DP178/gp41",
            "authors": [
                {
                    "first": "Y",
                    "middle": [],
                    "last": "Xu",
                    "suffix": ""
                },
                {
                    "first": "X",
                    "middle": [],
                    "last": "Zhang",
                    "suffix": ""
                },
                {
                    "first": "M",
                    "middle": [],
                    "last": "Matsuoka",
                    "suffix": ""
                },
                {
                    "first": "T",
                    "middle": [],
                    "last": "Hattori",
                    "suffix": ""
                }
            ],
            "year": 2000,
            "venue": "FEBS Lett",
            "volume": "487",
            "issn": "",
            "pages": "185--188",
            "other_ids": {
                "DOI": [
                    "http:/www.ncbi.nlm.nih.gov/entrez/query.fcgi?cmd=Retrieve&db=PubMed&dopt=Abstract&list_uids=10.1016/S0014-5793(00)02336-X"
                ]
            }
        },
        "BIBREF23": {
            "ref_id": "b23",
            "title": "Mode of action of an antiviral peptide from HIV-1. Inhibition at a post-lipid mixing stage",
            "authors": [
                {
                    "first": "Y",
                    "middle": [],
                    "last": "Kliger",
                    "suffix": ""
                },
                {
                    "first": "S",
                    "middle": [
                        "A"
                    ],
                    "last": "Gallo",
                    "suffix": ""
                },
                {
                    "first": "S",
                    "middle": [
                        "G"
                    ],
                    "last": "Peisajovich",
                    "suffix": ""
                },
                {
                    "first": "I",
                    "middle": [],
                    "last": "Munoz-Barroso",
                    "suffix": ""
                },
                {
                    "first": "S",
                    "middle": [],
                    "last": "Avkin",
                    "suffix": ""
                },
                {
                    "first": "R",
                    "middle": [],
                    "last": "Blumenthal",
                    "suffix": ""
                },
                {
                    "first": "Y",
                    "middle": [],
                    "last": "Shai",
                    "suffix": ""
                }
            ],
            "year": 2001,
            "venue": "J Biol Chem",
            "volume": "276",
            "issn": "",
            "pages": "1391--1397",
            "other_ids": {
                "DOI": [
                    "http:/www.ncbi.nlm.nih.gov/entrez/query.fcgi?cmd=Retrieve&db=PubMed&dopt=Abstract&list_uids=10.1074/jbc.M004113200"
                ]
            }
        },
        "BIBREF24": {
            "ref_id": "b24",
            "title": "A RhoA-derived peptide inhibits syncytium formation induced by respiratory syncytial virus and parainfluenza virus type 3",
            "authors": [
                {
                    "first": "M",
                    "middle": [
                        "K"
                    ],
                    "last": "Pastey",
                    "suffix": ""
                },
                {
                    "first": "T",
                    "middle": [
                        "L"
                    ],
                    "last": "Gower",
                    "suffix": ""
                },
                {
                    "first": "P",
                    "middle": [
                        "W"
                    ],
                    "last": "Spearman",
                    "suffix": ""
                },
                {
                    "first": "J",
                    "middle": [
                        "E"
                    ],
                    "last": "Crowe",
                    "suffix": ""
                },
                {
                    "first": "Jr",
                    "middle": [],
                    "last": "Graham",
                    "suffix": ""
                },
                {
                    "first": "B",
                    "middle": [
                        "S"
                    ],
                    "last": "",
                    "suffix": ""
                }
            ],
            "year": 2000,
            "venue": "Nat Med",
            "volume": "6",
            "issn": "",
            "pages": "35--40",
            "other_ids": {
                "DOI": [
                    "http:/www.ncbi.nlm.nih.gov/entrez/query.fcgi?cmd=Retrieve&db=PubMed&dopt=Abstract&list_uids=10.1038/71503"
                ]
            }
        }
    },
    "ref_entries": {
        "TABREF0": {
            "text": "SARS-CoV: Severe Acute Respiratory Syndrome Coronaviridae Virus. FDA: US Food & Drug Administration. HIV-1: Human Immunodeficiency Virus Type 1. HR: Heptad Repeat.",
            "latex": null,
            "type": "table"
        }
    },
    "back_matter": [
        {
            "text": "We thank Eli Eisenberg, Salomon Langer, Rodrigo Yelin, Moshe Olshansky and Rotem Sorek for helpful discussions. We are also grateful to Amit Rubinfeld for technical help.",
            "cite_spans": [],
            "ref_spans": [],
            "section": "Acknowledgements"
        }
    ]
}